[{"positions":[[0,1],[1,0],[2,1],[3,0]]},{"positions":[[0,2],[0,1],[0,0],[1,1]]},{"positions":[[0,2],[0,1],[0,0],[1,1],[1,0]]},{"positions":[[0,2],[0,1],[0,0],[1,1],[2,2]]},{"positions":[[0,4],[1,3],[1,2],[0,3],[0,2]]},{"positions":[[0,4],[1,3],[1,2],[2,1]]},{"positions":[[0,4],[1,3],[1,2],[2,3]]},{"positions":[[1,1],[2,2],[1,2],[0,3],[1,4]]},{"positions":[[1,1],[2,2],[2,1],[3,0]]},{"positions":[[1,2],[2,3],[2,4],[3,4],[4,4]]},{"positions":[[1,3],[0,2],[1,1],[1,0]]},{"positions":[[2,1],[2,0],[3,1],[4,1],[4,0]]},{"positions":[[2,1],[2,2],[1,1],[0,2],[0,3],[1,2]]},{"positions":[[2,4],[3,4],[4,3],[3,3]]},{"positions":[[3,0],[2,1],[3,1],[2,0]]},{"positions":[[3,0],[3,1],[4,1],[4,0]]},{"positions":[[3,0],[4,1],[4,2],[3,2],[2,3]]},{"positions":[[3,1],[2,0],[2,1],[1,1],[1,0]]},{"positions":[[3,1],[2,0],[2,1],[1,2]]},{"positions":[[3,1],[2,0],[2,1],[1,2],[0,3]]},{"positions":[[3,1],[2,0],[2,1],[1,2],[2,2]]},{"positions":[[3,1],[2,0],[2,1],[2,2]]},{"positions":[[3,1],[2,1],[2,0],[1,1],[1,0]]},{"positions":[[3,2],[4,2],[4,3],[3,4]]},{"positions":[[4,1],[3,0],[2,1],[1,2],[0,3]]},{"positions":[[4,1],[3,0],[2,1],[3,2],[3,3]]},{"positions":[[4,1],[3,2],[2,3],[2,4]]},{"positions":[[4,1],[3,2],[2,3],[2,4],[3,3]]},{"positions":[[4,1],[3,2],[2,3],[2,4],[3,4]]},{"positions":[[4,1],[4,2],[3,2],[2,2]]},{"positions":[[4,1],[4,2],[4,3],[3,4]]},{"positions":[[4,1],[4,2],[4,3],[4,4]]},{"positions":[[4,3],[3,4],[2,4],[2,3]]}]